feature,importance_mean,importance_std,horizon_bucket
delta_temp_13h,0.3410519034710682,0.0,h9
city,0.2943062871166422,0.0,h9
delta_temp_14h,0.2106873979273447,0.0,h9
solar_elevation_deg,0.19116429555132153,0.0,h9
cldc,0.17763945761908362,0.0,h9
wspd,0.15822509099924953,0.0,h9
temp_roll_std_24h,0.0710296235876986,0.0,h9
temp_roll_std_12h,0.05538678465535796,0.0,h9
wdir,0.05146825355783946,0.0,h9
coco,0.043076258651346455,0.0,h9
delta_temp_12h,0.040149777995123204,0.0,h9
pres,0.02623006492526825,0.0,h9
solar_hour_angle_deg,0.025460075665906245,0.0,h9
temp_lag_24h,0.024529467762561374,0.0,h9
delta_temp_17h,0.022290158635400514,0.0,h9
doy_cos,0.01996640845209985,0.0,h9
delta_pres_6h,0.015787127611851304,0.0,h9
temp_lag_2h,0.014876898097611946,0.0,h9
temp,0.013910329036981306,0.0,h9
rhum,0.013186291825307839,0.0,h9
temp_trend_1h,0.012879632966564136,0.0,h9
delta_temp_16h,0.012423874329752893,0.0,h9
delta_temp_15h,0.010761660396827466,0.0,h9
temp_lag_14h,0.009209574898563444,0.0,h9
temp_lag_13h,0.009154794359360396,0.0,h9
wpgt,0.0081734780177396,0.0,h9
temp_lag_1h,0.007808537155016504,0.0,h9
delta_temp_19h,0.006923399315243772,0.0,h9
delta_temp_18h,0.006787229960884877,0.0,h9
doy_sin,0.004743965825226848,0.0,h9
delta_temp_11h,0.004619315885302067,0.0,h9
temp_lag_3h,0.004487309912082793,0.0,h9
temp_lag_17h,0.004189044201230008,0.0,h9
temp_roll_mean_3h,0.004144257865132062,0.0,h9
hours_since_rain,0.003931591228063525,0.0,h9
solar_heating_efficiency,0.0032963192929120755,0.0,h9
delta_temp_6h,0.002627332563601925,0.0,h9
delta_cldc_6h,0.002381477864615178,0.0,h9
delta_temp_21h,0.002376305376073473,0.0,h9
temp_lag_15h,0.0020470005341337583,0.0,h9
temp_roll_std_3h,0.0019332172419264104,0.0,h9
delta_temp_3h,0.0018775956150263173,0.0,h9
temp_lag_20h,0.0016623898965644202,0.0,h9
temp_roll_std_6h,0.0016070373899959023,0.0,h9
delta_temp_20h,0.001554518975159791,0.0,h9
temp_lag_10h,0.0015216335152161697,0.0,h9
delta_cldc_3h,0.001430846300157329,0.0,h9
delta_temp_7h,0.001334538887882486,0.0,h9
delta_temp_22h,0.001310255955348616,0.0,h9
delta_temp_23h,0.0012893111471352636,0.0,h9
temp_lag_19h,0.0011411600800266264,0.0,h9
delta_temp_10h,0.0011227625055225676,0.0,h9
delta_temp_24h,0.0011130358592110756,0.0,h9
temp_lag_22h,0.0011009627501716857,0.0,h9
yesterday_max_temp,0.0010988718072808545,0.0,h9
temp_lag_7h,0.0010909660029352342,0.0,h9
temp_roll_mean_12h,0.0009229352381696643,0.0,h9
temp_roll_mean_6h,0.0008636998531539319,0.0,h9
delta_temp_2h,0.0008462404852409566,0.0,h9
delta_temp_4h,0.0007926506712390147,0.0,h9
temp_lag_5h,0.0005778183349756105,0.0,h9
longitude,0.0005522473898549318,0.0,h9
delta_temp_8h,0.0005044843602350912,0.0,h9
temp_lag_6h,0.0004576832853699919,0.0,h9
rain_6h_sum,0.00040745572767852956,0.0,h9
temp_lag_11h,0.00032599818129708247,0.0,h9
temp_lag_16h,0.0001848466471559007,0.0,h9
temp_lag_4h,0.00014036326354194273,0.0,h9
temp_lag_9h,0.00013529359213038106,0.0,h9
temp_lag_8h,0.00012564308209395136,0.0,h9
temp_roll_mean_24h,8.951347180041758e-05,0.0,h9
delta_temp_5h,8.111087276074791e-05,0.0,h9
is_daylight,0.0,0.0,h9
is_coastal_airport,0.0,0.0,h9
delta_temp_1h,0.0,0.0,h9
is_us_airport,0.0,0.0,h9
is_raining,0.0,0.0,h9
delta_pres_3h,-1.6839223857978425e-05,0.0,h9
hours_from_solar_peak,-2.267558035629058e-05,0.0,h9
rain_24h_sum,-0.00013339118286492813,0.0,h9
delta_temp_9h,-0.00015985171121446484,0.0,h9
latitude,-0.00017653486694957365,0.0,h9
delta_cldc_1h,-0.000183031860553573,0.0,h9
prcp,-0.00026014620282288625,0.0,h9
temp_lag_21h,-0.00040798654321849703,0.0,h9
temp_lag_18h,-0.0004568468436314532,0.0,h9
rain_3h_sum,-0.0006544151682488231,0.0,h9
temp_lag_23h,-0.0006643257132972202,0.0,h9
temp_lag_12h,-0.0007585986150429047,0.0,h9
rain_12h_sum,-0.0011920705166128531,0.0,h9
delta_pres_1h,-0.0032644029774413497,0.0,h9
delta_temp_14h,0.2561261570107396,0.0,h8
city,0.2174373553125437,0.0,h8
delta_temp_15h,0.17088984041979072,0.0,h8
wspd,0.1650624898001869,0.0,h8
temp_roll_std_24h,0.12231221937061632,0.0,h8
solar_elevation_deg,0.11975123789927045,0.0,h8
cldc,0.09907799794412453,0.0,h8
delta_temp_13h,0.05054702291273272,0.0,h8
wdir,0.04677075284262111,0.0,h8
temp_lag_24h,0.031864446298536464,0.0,h8
temp_roll_std_12h,0.030703638714461245,0.0,h8
coco,0.02999110993938814,0.0,h8
doy_cos,0.027607939903707246,0.0,h8
solar_hour_angle_deg,0.02325292785639932,0.0,h8
pres,0.01790348831536126,0.0,h8
temp_trend_1h,0.017378665313967145,0.0,h8
rhum,0.01564945422634456,0.0,h8
delta_pres_6h,0.015404753387889603,0.0,h8
hours_since_rain,0.012436258119204568,0.0,h8
delta_temp_18h,0.011828162878859683,0.0,h8
delta_temp_12h,0.011755137452840625,0.0,h8
doy_sin,0.011201722982831619,0.0,h8
delta_temp_24h,0.011031730839072162,0.0,h8
temp,0.01032436566989503,0.0,h8
wpgt,0.007846420354455264,0.0,h8
temp_lag_2h,0.007842103485913965,0.0,h8
delta_temp_23h,0.0075210112081491864,0.0,h8
delta_temp_2h,0.007313787306280739,0.0,h8
temp_lag_15h,0.00646721371834813,0.0,h8
delta_temp_17h,0.005833610611155171,0.0,h8
delta_temp_20h,0.005423327087961338,0.0,h8
delta_temp_16h,0.004353012104368226,0.0,h8
temp_lag_23h,0.0035441903267210417,0.0,h8
temp_lag_3h,0.0034947999695715826,0.0,h8
delta_cldc_6h,0.0028631204433609003,0.0,h8
delta_cldc_1h,0.0025598163717130973,0.0,h8
hours_from_solar_peak,0.0024024689003780964,0.0,h8
temp_lag_22h,0.0020875026076692116,0.0,h8
delta_pres_1h,0.0020835548192132958,0.0,h8
temp_lag_19h,0.0020591964983627253,0.0,h8
temp_lag_16h,0.001925954010603359,0.0,h8
delta_temp_4h,0.0019056896488460762,0.0,h8
delta_temp_19h,0.0018798556655938992,0.0,h8
yesterday_max_temp,0.0018525346201692106,0.0,h8
solar_heating_efficiency,0.0018322450134045098,0.0,h8
temp_lag_21h,0.0017571480549682938,0.0,h8
delta_temp_6h,0.0017092689720548115,0.0,h8
delta_temp_22h,0.0016714970379869687,0.0,h8
temp_lag_14h,0.0014190693415789823,0.0,h8
temp_roll_mean_3h,0.0013594363825490952,0.0,h8
delta_pres_3h,0.0012264961615076064,0.0,h8
delta_temp_9h,0.0011907722653159425,0.0,h8
temp_lag_1h,0.0008493501069397613,0.0,h8
rain_24h_sum,0.0008252532197174922,0.0,h8
rain_3h_sum,0.0007283909240383135,0.0,h8
delta_temp_21h,0.0007246168217720506,0.0,h8
delta_temp_3h,0.0007191798741217337,0.0,h8
delta_temp_5h,0.0006351585180055519,0.0,h8
temp_lag_18h,0.0006049194790715973,0.0,h8
temp_lag_9h,0.00044549844898789104,0.0,h8
temp_lag_8h,0.0004015134381896157,0.0,h8
temp_lag_17h,0.0003850641928053733,0.0,h8
delta_temp_10h,0.00034542447367713613,0.0,h8
latitude,0.0003129069841061316,0.0,h8
temp_lag_12h,0.0002980754714330125,0.0,h8
delta_temp_7h,0.0002707799717118764,0.0,h8
temp_lag_7h,0.00022563074818915396,0.0,h8
longitude,0.0,0.0,h8
is_coastal_airport,0.0,0.0,h8
delta_temp_1h,0.0,0.0,h8
is_us_airport,0.0,0.0,h8
is_raining,0.0,0.0,h8
temp_lag_10h,-2.5699319421423894e-06,0.0,h8
temp_roll_mean_24h,-7.344401945896806e-05,0.0,h8
temp_roll_std_3h,-0.0001742164587770212,0.0,h8
temp_roll_mean_12h,-0.0002113834748151966,0.0,h8
delta_temp_11h,-0.00021151823673082326,0.0,h8
temp_lag_13h,-0.0002356497916478073,0.0,h8
temp_roll_std_6h,-0.00024609009097265044,0.0,h8
prcp,-0.0002473255570820676,0.0,h8
temp_lag_6h,-0.00029394219062894855,0.0,h8
delta_temp_8h,-0.00031568272831772326,0.0,h8
is_daylight,-0.00040238547302262617,0.0,h8
temp_roll_mean_6h,-0.00040482909249339727,0.0,h8
temp_lag_11h,-0.0004664921444732517,0.0,h8
temp_lag_20h,-0.0005351599038192489,0.0,h8
temp_lag_5h,-0.0005429970746244628,0.0,h8
temp_lag_4h,-0.001299360923346482,0.0,h8
rain_12h_sum,-0.002015172658108799,0.0,h8
delta_cldc_3h,-0.00302486237691868,0.0,h8
rain_6h_sum,-0.0038002011907811717,0.0,h8
city,0.24837468897877324,0.0,h7
delta_temp_16h,0.2309653415376418,0.0,h7
delta_temp_15h,0.1993618848347567,0.0,h7
wspd,0.11141732995479003,0.0,h7
temp_roll_std_24h,0.10291270265835073,0.0,h7
solar_elevation_deg,0.08325767167225773,0.0,h7
cldc,0.0734761602240459,0.0,h7
wdir,0.047248073007349234,0.0,h7
delta_temp_14h,0.0363760817173433,0.0,h7
solar_hour_angle_deg,0.03295100282930097,0.0,h7
delta_temp_19h,0.030796778159525973,0.0,h7
temp_lag_24h,0.026267115672131913,0.0,h7
temp_trend_1h,0.02511337745787179,0.0,h7
coco,0.024659490579669097,0.0,h7
rhum,0.02389077851965804,0.0,h7
pres,0.02057312123688848,0.0,h7
delta_temp_13h,0.017336278521265625,0.0,h7
delta_temp_17h,0.016788567845702485,0.0,h7
doy_cos,0.014066161897340557,0.0,h7
temp_lag_1h,0.012772218087740095,0.0,h7
hours_from_solar_peak,0.012176476184587726,0.0,h7
temp_roll_std_12h,0.011884689728269615,0.0,h7
wpgt,0.010597529408893802,0.0,h7
delta_temp_18h,0.009081442971152986,0.0,h7
delta_temp_12h,0.009021662851086187,0.0,h7
temp_lag_16h,0.008263996175351895,0.0,h7
delta_temp_21h,0.006854080999382894,0.0,h7
delta_temp_24h,0.00566977562155202,0.0,h7
temp_roll_std_3h,0.00520609850723841,0.0,h7
solar_heating_efficiency,0.004743251285010297,0.0,h7
hours_since_rain,0.004644813803883041,0.0,h7
yesterday_max_temp,0.0046080241778678754,0.0,h7
delta_pres_3h,0.004388865018478905,0.0,h7
delta_pres_6h,0.0043734772944701295,0.0,h7
delta_cldc_3h,0.004296813291009949,0.0,h7
delta_temp_9h,0.004237721630946378,0.0,h7
temp_lag_4h,0.003995559029636775,0.0,h7
delta_temp_20h,0.003659999333523123,0.0,h7
temp_lag_21h,0.003555275889604914,0.0,h7
delta_temp_7h,0.003552174234496608,0.0,h7
temp,0.003388611508142292,0.0,h7
delta_temp_2h,0.003206089208600993,0.0,h7
delta_temp_10h,0.0030089651005644757,0.0,h7
temp_lag_2h,0.0029105568664853365,0.0,h7
temp_roll_mean_6h,0.0026337267830562894,0.0,h7
temp_lag_15h,0.0025286617659203703,0.0,h7
temp_roll_mean_3h,0.0025225376157018697,0.0,h7
delta_pres_1h,0.0024473321475138032,0.0,h7
delta_cldc_6h,0.002175081672980861,0.0,h7
temp_lag_23h,0.0021039759010135217,0.0,h7
doy_sin,0.0017754200893076444,0.0,h7
delta_temp_6h,0.0017087543206266709,0.0,h7
temp_lag_17h,0.0015705813238493516,0.0,h7
temp_lag_6h,0.001359324098178405,0.0,h7
delta_temp_11h,0.0013267716094722548,0.0,h7
rain_3h_sum,0.0012727828697460808,0.0,h7
temp_lag_22h,0.0012226087768976157,0.0,h7
delta_temp_22h,0.0012095961011453493,0.0,h7
delta_temp_5h,0.000869780125485109,0.0,h7
delta_temp_23h,0.0008515697339988026,0.0,h7
delta_temp_8h,0.0006273768432296656,0.0,h7
temp_lag_18h,0.0006100974992253594,0.0,h7
temp_roll_mean_12h,0.0004463409766541915,0.0,h7
temp_lag_9h,0.0003924554731264962,0.0,h7
temp_roll_mean_24h,0.0003500801845301993,0.0,h7
temp_lag_19h,0.0003326406008685723,0.0,h7
temp_lag_7h,0.0002899919134460305,0.0,h7
temp_lag_10h,0.00027558762403612214,0.0,h7
temp_lag_11h,0.0002352394458964291,0.0,h7
temp_lag_14h,0.00020930828300413928,0.0,h7
temp_lag_3h,3.602441976191528e-05,0.0,h7
delta_cldc_1h,1.1115674183548307e-05,0.0,h7
is_daylight,0.0,0.0,h7
is_raining,0.0,0.0,h7
longitude,0.0,0.0,h7
prcp,0.0,0.0,h7
delta_temp_1h,0.0,0.0,h7
is_coastal_airport,0.0,0.0,h7
is_us_airport,0.0,0.0,h7
rain_24h_sum,-0.00011730024408462825,0.0,h7
temp_lag_8h,-0.00023306789894506075,0.0,h7
temp_lag_13h,-0.0002488841778109929,0.0,h7
delta_temp_3h,-0.00037232402971776324,0.0,h7
delta_temp_4h,-0.0004389102537227796,0.0,h7
temp_lag_20h,-0.0005285327140829299,0.0,h7
temp_roll_std_6h,-0.0005687125405158255,0.0,h7
temp_lag_5h,-0.0007787790007032225,0.0,h7
latitude,-0.0007831486678848698,0.0,h7
rain_6h_sum,-0.0008445902041211983,0.0,h7
temp_lag_12h,-0.001074339808672109,0.0,h7
rain_12h_sum,-0.0032669496788513275,0.0,h7
delta_temp_16h,0.17799094083929767,0.0,h6
city,0.1633325861189734,0.0,h6
delta_temp_17h,0.1534979751256671,0.0,h6
solar_hour_angle_deg,0.08457283244276059,0.0,h6
rhum,0.06135573570892183,0.0,h6
wspd,0.05446439218606369,0.0,h6
wdir,0.04746918128539379,0.0,h6
temp_roll_std_24h,0.04011844090610528,0.0,h6
cldc,0.033007405700860026,0.0,h6
hours_from_solar_peak,0.022988013075687874,0.0,h6
temp_trend_1h,0.02237992670116329,0.0,h6
solar_elevation_deg,0.020781015457012053,0.0,h6
temp_lag_24h,0.015801299579622174,0.0,h6
solar_heating_efficiency,0.01272332191065173,0.0,h6
doy_cos,0.012014802301633543,0.0,h6
delta_temp_14h,0.011034379333209277,0.0,h6
delta_pres_6h,0.010522881108645965,0.0,h6
delta_temp_20h,0.009632836641894071,0.0,h6
temp_lag_17h,0.009092719992869647,0.0,h6
delta_temp_24h,0.008952798531660866,0.0,h6
temp_roll_std_12h,0.008551400243998586,0.0,h6
delta_temp_15h,0.007811548628248177,0.0,h6
temp_lag_2h,0.007351958437638695,0.0,h6
temp_roll_std_6h,0.0065770349106351045,0.0,h6
temp_lag_3h,0.005672849533954194,0.0,h6
hours_since_rain,0.005271546057666887,0.0,h6
delta_temp_23h,0.004972665342757088,0.0,h6
delta_temp_10h,0.004909213779419552,0.0,h6
temp_roll_std_3h,0.004881698897574616,0.0,h6
temp,0.004656582747033067,0.0,h6
delta_temp_18h,0.004363437779475676,0.0,h6
wpgt,0.003920563267295174,0.0,h6
delta_temp_13h,0.0037873423654375404,0.0,h6
temp_lag_5h,0.0037090479816770383,0.0,h6
temp_lag_18h,0.0033022775332662846,0.0,h6
temp_roll_mean_3h,0.0031220524278059436,0.0,h6
delta_temp_19h,0.0028880038546303943,0.0,h6
coco,0.0026494684251643363,0.0,h6
delta_temp_11h,0.002527013032634917,0.0,h6
delta_temp_8h,0.0024863647747592754,0.0,h6
delta_temp_9h,0.0018186789687630878,0.0,h6
delta_temp_7h,0.001775037357672371,0.0,h6
delta_pres_1h,0.0016642509443158815,0.0,h6
doy_sin,0.0016043897198281254,0.0,h6
temp_lag_19h,0.0015578315883602034,0.0,h6
temp_lag_23h,0.0015459408808560227,0.0,h6
temp_lag_1h,0.001154466158551637,0.0,h6
temp_lag_4h,0.001153666104111828,0.0,h6
delta_temp_6h,0.0011210773791117123,0.0,h6
temp_lag_15h,0.0011061021414511263,0.0,h6
temp_lag_16h,0.0010127719378121292,0.0,h6
temp_roll_mean_6h,0.0009201626861503609,0.0,h6
temp_lag_7h,0.0007484622667330854,0.0,h6
temp_lag_11h,0.0006145128377865738,0.0,h6
temp_lag_14h,0.000592125251065001,0.0,h6
temp_lag_20h,0.0005617706605951511,0.0,h6
rain_24h_sum,0.00036175162391982596,0.0,h6
delta_temp_22h,0.00035396685821664775,0.0,h6
delta_temp_12h,0.00015564522071187525,0.0,h6
temp_lag_22h,0.00015291672604211826,0.0,h6
temp_roll_mean_12h,0.00013360363958803134,0.0,h6
latitude,0.00011217925819329011,0.0,h6
temp_lag_12h,9.342743681095556e-05,0.0,h6
temp_lag_10h,5.6716959738079e-05,0.0,h6
temp_roll_mean_24h,5.031730374560617e-05,0.0,h6
temp_lag_6h,3.187130485593492e-05,0.0,h6
is_daylight,0.0,0.0,h6
is_us_airport,0.0,0.0,h6
is_coastal_airport,0.0,0.0,h6
is_raining,0.0,0.0,h6
delta_temp_1h,0.0,0.0,h6
temp_lag_21h,-2.8339625737672236e-05,0.0,h6
yesterday_max_temp,-3.5439471816500756e-05,0.0,h6
temp_lag_13h,-3.61331498199835e-05,0.0,h6
delta_temp_21h,-0.00013772016069646398,0.0,h6
temp_lag_9h,-0.00022405845077355657,0.0,h6
prcp,-0.00033663151437024474,0.0,h6
delta_temp_5h,-0.0003729665658365189,0.0,h6
temp_lag_8h,-0.0003944878018160569,0.0,h6
rain_6h_sum,-0.0005257164616740972,0.0,h6
delta_temp_3h,-0.0005832130625098575,0.0,h6
rain_3h_sum,-0.0005903696141698056,0.0,h6
rain_12h_sum,-0.0007313558104471429,0.0,h6
delta_temp_4h,-0.0007875252196081206,0.0,h6
delta_cldc_1h,-0.0008305092192806285,0.0,h6
delta_cldc_3h,-0.0012870409789365045,0.0,h6
longitude,-0.0013339745544682646,0.0,h6
delta_cldc_6h,-0.001612258470485406,0.0,h6
delta_pres_3h,-0.0022458074607165646,0.0,h6
pres,-0.00313192620432301,0.0,h6
delta_temp_2h,-0.0037053784680360913,0.0,h6
city,0.16764006335128445,0.0,h5
delta_temp_18h,0.11487895184136243,0.0,h5
delta_temp_17h,0.09353870844903733,0.0,h5
solar_hour_angle_deg,0.06813957170745555,0.0,h5
rhum,0.057934822562829336,0.0,h5
wdir,0.04021786633569113,0.0,h5
delta_temp_16h,0.029820001517998795,0.0,h5
wspd,0.018863922077797746,0.0,h5
temp_roll_std_24h,0.0167895971507126,0.0,h5
delta_temp_21h,0.016306395535980123,0.0,h5
temp_lag_24h,0.016100273037990442,0.0,h5
delta_temp_15h,0.013285826721640692,0.0,h5
cldc,0.013117926299778704,0.0,h5
temp_roll_std_3h,0.012573347271309654,0.0,h5
hours_from_solar_peak,0.011939562943459325,0.0,h5
temp_lag_3h,0.011715955046855964,0.0,h5
temp,0.010070105114326822,0.0,h5
temp_lag_18h,0.009264912287233473,0.0,h5
temp_roll_std_6h,0.008442251942583079,0.0,h5
solar_elevation_deg,0.00755209012303748,0.0,h5
wpgt,0.007344431154828079,0.0,h5
doy_cos,0.007282139534479759,0.0,h5
doy_sin,0.0069192238979944864,0.0,h5
delta_temp_24h,0.006634574201841437,0.0,h5
coco,0.005683178581100901,0.0,h5
delta_temp_20h,0.005010540887560255,0.0,h5
delta_temp_19h,0.00479903269086801,0.0,h5
delta_temp_11h,0.0034380761316763486,0.0,h5
temp_lag_19h,0.0031239905327204998,0.0,h5
temp_roll_std_12h,0.002901574554235564,0.0,h5
temp_lag_7h,0.002769869495979016,0.0,h5
temp_lag_2h,0.002746608719334409,0.0,h5
temp_lag_4h,0.0021930374121568175,0.0,h5
delta_temp_3h,0.002151244333379765,0.0,h5
delta_pres_6h,0.0019731669911398075,0.0,h5
delta_temp_8h,0.001954681893813426,0.0,h5
delta_temp_22h,0.0018940054264842132,0.0,h5
delta_temp_9h,0.001784603716725952,0.0,h5
delta_temp_7h,0.001706146761813132,0.0,h5
yesterday_max_temp,0.0013081989487944146,0.0,h5
temp_lag_17h,0.0012042983719813272,0.0,h5
temp_roll_mean_3h,0.0011341780021070225,0.0,h5
temp_lag_23h,0.001083626944718974,0.0,h5
delta_temp_14h,0.0010758003884505651,0.0,h5
temp_roll_mean_6h,0.0010690452874118073,0.0,h5
temp_lag_16h,0.001062790060273544,0.0,h5
temp_lag_10h,0.001033279806373688,0.0,h5
delta_temp_5h,0.0009255316895511179,0.0,h5
delta_temp_12h,0.0009250048321503002,0.0,h5
delta_cldc_1h,0.0008271984299321744,0.0,h5
temp_lag_1h,0.0007266707771127479,0.0,h5
temp_lag_21h,0.0006969703135597527,0.0,h5
temp_roll_mean_12h,0.0006730632434126527,0.0,h5
delta_temp_23h,0.0006441656999958134,0.0,h5
temp_lag_11h,0.0006062760322680383,0.0,h5
temp_lag_20h,0.0005287572457992606,0.0,h5
delta_cldc_6h,0.0004932948834410755,0.0,h5
temp_lag_15h,0.0004927752578960387,0.0,h5
temp_lag_6h,0.00047931964772307545,0.0,h5
temp_lag_22h,0.000355189148579127,0.0,h5
delta_temp_10h,0.0003195749103896972,0.0,h5
delta_pres_3h,0.0003079095603850668,0.0,h5
prcp,0.00025180103266175813,0.0,h5
temp_lag_9h,0.00015259207947315723,0.0,h5
temp_lag_5h,0.00013070419991989546,0.0,h5
delta_temp_6h,0.00012978251137751862,0.0,h5
temp_roll_mean_24h,0.00011838141045905637,0.0,h5
delta_cldc_3h,6.14401157810196e-05,0.0,h5
temp_lag_12h,5.414397652225844e-05,0.0,h5
delta_temp_2h,9.759790550178948e-06,0.0,h5
is_coastal_airport,0.0,0.0,h5
is_us_airport,0.0,0.0,h5
is_raining,0.0,0.0,h5
is_daylight,0.0,0.0,h5
delta_temp_1h,0.0,0.0,h5
rain_12h_sum,-3.702516568959702e-05,0.0,h5
latitude,-6.220686037639034e-05,0.0,h5
rain_3h_sum,-0.00012250455842233166,0.0,h5
temp_lag_8h,-0.00014075509704469802,0.0,h5
temp_lag_13h,-0.00020173741325568706,0.0,h5
rain_24h_sum,-0.0002379999250952114,0.0,h5
delta_temp_13h,-0.0003071081210070936,0.0,h5
delta_temp_4h,-0.0005586795171059755,0.0,h5
temp_lag_14h,-0.0005698385876236056,0.0,h5
delta_pres_1h,-0.001087991597113147,0.0,h5
rain_6h_sum,-0.00123172434999419,0.0,h5
hours_since_rain,-0.0019244486352867352,0.0,h5
solar_heating_efficiency,-0.0019502429826774303,0.0,h5
longitude,-0.0026270692980321364,0.0,h5
temp_trend_1h,-0.005576233844842626,0.0,h5
pres,-0.009320162960608558,0.0,h5
city,0.1303611855917155,0.0,h4
solar_hour_angle_deg,0.0795354926048446,0.0,h4
delta_temp_18h,0.07755459627430861,0.0,h4
delta_temp_17h,0.07606918070414914,0.0,h4
delta_temp_19h,0.05700545149113456,0.0,h4
rhum,0.052787318881730605,0.0,h4
delta_temp_16h,0.046275402006027866,0.0,h4
wdir,0.02527536608023573,0.0,h4
wspd,0.024335890711279395,0.0,h4
hours_from_solar_peak,0.02195723847394504,0.0,h4
coco,0.021375306787922432,0.0,h4
cldc,0.01915245969812196,0.0,h4
delta_temp_15h,0.018324667690329033,0.0,h4
temp_roll_std_3h,0.018125464737889563,0.0,h4
solar_elevation_deg,0.014251165514414965,0.0,h4
temp_roll_std_24h,0.014166991425232034,0.0,h4
delta_temp_22h,0.013063250068275134,0.0,h4
delta_temp_20h,0.012938421986963822,0.0,h4
temp,0.010839026560924059,0.0,h4
delta_pres_6h,0.00620733487136238,0.0,h4
doy_cos,0.006031978566220619,0.0,h4
temp_trend_1h,0.005672129010453775,0.0,h4
temp_roll_std_12h,0.004989197621809716,0.0,h4
doy_sin,0.004909925864798992,0.0,h4
temp_lag_24h,0.004420296589199069,0.0,h4
temp_roll_std_6h,0.004291493581556893,0.0,h4
delta_temp_24h,0.004028426639289706,0.0,h4
temp_lag_8h,0.0038416968175893906,0.0,h4
delta_pres_1h,0.003572726828787398,0.0,h4
wpgt,0.0034212587058867205,0.0,h4
delta_temp_21h,0.003353241508491145,0.0,h4
delta_temp_2h,0.0030598453141391646,0.0,h4
delta_temp_11h,0.0029095040017041995,0.0,h4
temp_lag_1h,0.002906203522463513,0.0,h4
temp_lag_20h,0.0028525925111008155,0.0,h4
temp_roll_mean_3h,0.0025856196053439806,0.0,h4
temp_lag_9h,0.0024104463440348667,0.0,h4
delta_temp_3h,0.002333128404005347,0.0,h4
delta_temp_10h,0.0022026635831891017,0.0,h4
delta_temp_13h,0.002093187482655634,0.0,h4
temp_lag_10h,0.0020910807537803944,0.0,h4
delta_temp_12h,0.0019596944570989816,0.0,h4
pres,0.0017017375421038983,0.0,h4
delta_pres_3h,0.0016945458338888386,0.0,h4
temp_roll_mean_6h,0.0016360407696461854,0.0,h4
delta_temp_23h,0.0014514941660229708,0.0,h4
temp_lag_17h,0.0013868146639934853,0.0,h4
delta_temp_4h,0.0012773709032400937,0.0,h4
temp_lag_6h,0.0010905089680109947,0.0,h4
delta_temp_6h,0.0009449160784362753,0.0,h4
yesterday_max_temp,0.0008092914703147214,0.0,h4
temp_lag_18h,0.0007798821746637374,0.0,h4
delta_temp_14h,0.0007450982852287291,0.0,h4
temp_roll_mean_24h,0.0006409179523720887,0.0,h4
temp_lag_13h,0.0006365600053169773,0.0,h4
delta_cldc_1h,0.0004826173609832063,0.0,h4
prcp,0.0003772994759766446,0.0,h4
latitude,0.0003329668307952005,0.0,h4
temp_lag_2h,0.0003129563614867603,0.0,h4
delta_temp_8h,0.0003049671235922924,0.0,h4
temp_lag_5h,0.0002833057948361528,0.0,h4
temp_lag_14h,0.00024387167536132903,0.0,h4
temp_lag_21h,0.00022250983067451102,0.0,h4
temp_lag_12h,0.000202040081976107,0.0,h4
temp_lag_23h,0.000181308699668703,0.0,h4
temp_lag_3h,0.00014013573354410003,0.0,h4
temp_lag_15h,0.00013023462634820238,0.0,h4
temp_lag_11h,0.00012037975315337679,0.0,h4
temp_lag_19h,0.00010673026738583502,0.0,h4
temp_roll_mean_12h,0.0001023366434392825,0.0,h4
rain_12h_sum,6.870415125115326e-05,0.0,h4
delta_temp_5h,3.1932518288035894e-05,0.0,h4
temp_lag_16h,3.1890808951606786e-05,0.0,h4
temp_lag_22h,1.4207842289448713e-05,0.0,h4
is_coastal_airport,0.0,0.0,h4
is_daylight,0.0,0.0,h4
is_raining,0.0,0.0,h4
delta_temp_1h,0.0,0.0,h4
is_us_airport,0.0,0.0,h4
hours_since_rain,-3.2374344804297905e-05,0.0,h4
temp_lag_7h,-5.7254262930461763e-05,0.0,h4
delta_temp_9h,-0.00011218908226573454,0.0,h4
rain_24h_sum,-0.000129021765232884,0.0,h4
rain_3h_sum,-0.0001855680994853337,0.0,h4
longitude,-0.0002072284750894715,0.0,h4
delta_cldc_6h,-0.0002299492365147593,0.0,h4
delta_temp_7h,-0.00030569063744023683,0.0,h4
rain_6h_sum,-0.0003563930530716686,0.0,h4
solar_heating_efficiency,-0.0003786385595850872,0.0,h4
delta_cldc_3h,-0.000811272773331928,0.0,h4
temp_lag_4h,-0.001445634870241852,0.0,h4
solar_hour_angle_deg,0.2008889864843354,0.0,h3
delta_temp_18h,0.12710674937693978,0.0,h3
city,0.09798527868068907,0.0,h3
delta_temp_17h,0.08031877243481877,0.0,h3
delta_temp_20h,0.0672997246052619,0.0,h3
rhum,0.059608093197637047,0.0,h3
delta_temp_19h,0.05399052136941418,0.0,h3
temp_roll_std_12h,0.027480534261983602,0.0,h3
wdir,0.02504241401744045,0.0,h3
delta_temp_23h,0.024595671951307185,0.0,h3
hours_from_solar_peak,0.022362841513616893,0.0,h3
delta_temp_21h,0.019882782413235933,0.0,h3
doy_cos,0.015905944963277685,0.0,h3
wspd,0.015277738235639826,0.0,h3
delta_temp_16h,0.013220510724288426,0.0,h3
delta_temp_12h,0.012099946606374923,0.0,h3
cldc,0.009891945408212144,0.0,h3
delta_temp_15h,0.008737212614459366,0.0,h3
temp_trend_1h,0.008535025871990398,0.0,h3
temp,0.007880980050796071,0.0,h3
solar_heating_efficiency,0.007307760091892046,0.0,h3
delta_temp_10h,0.007098398701761766,0.0,h3
doy_sin,0.006796070561186918,0.0,h3
delta_temp_22h,0.006336773095503956,0.0,h3
delta_temp_9h,0.005859404939218105,0.0,h3
delta_temp_3h,0.0054441847496907725,0.0,h3
solar_elevation_deg,0.004642203890142582,0.0,h3
temp_roll_std_3h,0.004074246035701834,0.0,h3
delta_temp_24h,0.003894489730028483,0.0,h3
pres,0.0038218590840715105,0.0,h3
delta_temp_13h,0.0028156757232277174,0.0,h3
temp_lag_24h,0.002634721533425921,0.0,h3
temp_roll_std_24h,0.0025249204759826283,0.0,h3
yesterday_max_temp,0.002314349904947832,0.0,h3
delta_temp_4h,0.002261071971637163,0.0,h3
temp_roll_std_6h,0.0020272990183702877,0.0,h3
delta_temp_5h,0.0019243744701237242,0.0,h3
wpgt,0.0018914743680420454,0.0,h3
temp_lag_22h,0.0018612675507415632,0.0,h3
delta_temp_7h,0.001636737222043605,0.0,h3
delta_pres_6h,0.0014071749955999469,0.0,h3
delta_temp_6h,0.0014024249442856629,0.0,h3
temp_lag_21h,0.0013321955307747935,0.0,h3
temp_lag_23h,0.0012915734937690715,0.0,h3
delta_cldc_3h,0.0012466138464777288,0.0,h3
temp_lag_9h,0.0012041365556839656,0.0,h3
delta_temp_8h,0.0011780809840135076,0.0,h3
temp_lag_13h,0.0011736627682719103,0.0,h3
delta_temp_11h,0.001171009167701964,0.0,h3
temp_roll_mean_24h,0.0011455364068242435,0.0,h3
temp_lag_2h,0.0010870917861494078,0.0,h3
delta_temp_14h,0.0010413700132683168,0.0,h3
temp_lag_8h,0.0010406692472524348,0.0,h3
temp_lag_20h,0.0010075467369971003,0.0,h3
temp_lag_6h,0.0009225629295427362,0.0,h3
longitude,0.0009197517142024436,0.0,h3
temp_roll_mean_12h,0.0007785067852354999,0.0,h3
coco,0.0007208016463156053,0.0,h3
temp_lag_7h,0.0007097759550508398,0.0,h3
rain_24h_sum,0.0006080803768647725,0.0,h3
temp_lag_18h,0.0005792789697057765,0.0,h3
temp_lag_15h,0.000577812417714263,0.0,h3
delta_temp_2h,0.0005569032704942911,0.0,h3
temp_lag_10h,0.0004943844361949834,0.0,h3
temp_roll_mean_3h,0.0004699087389253842,0.0,h3
temp_lag_5h,0.00041271761869410284,0.0,h3
delta_cldc_1h,0.000397869305916565,0.0,h3
temp_roll_mean_6h,0.0003563612859442955,0.0,h3
temp_lag_19h,0.0003540576713210175,0.0,h3
temp_lag_11h,0.000341294456661867,0.0,h3
temp_lag_16h,0.0003312618260291611,0.0,h3
temp_lag_1h,0.0003268256928024016,0.0,h3
hours_since_rain,0.0003246548853613751,0.0,h3
delta_cldc_6h,0.00022128779388097541,0.0,h3
delta_pres_3h,0.0002026175604228353,0.0,h3
temp_lag_3h,0.00017780072501860644,0.0,h3
temp_lag_17h,0.00010556265167094292,0.0,h3
temp_lag_12h,8.656304295340256e-05,0.0,h3
rain_3h_sum,8.581323497580673e-05,0.0,h3
latitude,2.1121094243903293e-05,0.0,h3
prcp,0.0,0.0,h3
is_raining,0.0,0.0,h3
delta_temp_1h,0.0,0.0,h3
is_us_airport,0.0,0.0,h3
is_coastal_airport,0.0,0.0,h3
is_daylight,0.0,0.0,h3
rain_6h_sum,-6.886142082085378e-05,0.0,h3
rain_12h_sum,-8.273065103669985e-05,0.0,h3
temp_lag_14h,-8.628392791254491e-05,0.0,h3
temp_lag_4h,-0.0006108543554328438,0.0,h3
delta_pres_1h,-0.001369422453089908,0.0,h3
solar_hour_angle_deg,0.13609202904513162,0.0,h2
delta_temp_19h,0.08639698850304667,0.0,h2
delta_temp_18h,0.07019541110542926,0.0,h2
city,0.06288992545514338,0.0,h2
delta_temp_20h,0.05005046280164793,0.0,h2
rhum,0.0303104160827804,0.0,h2
temp_trend_1h,0.025097576169928915,0.0,h2
delta_temp_17h,0.021968187161606756,0.0,h2
delta_temp_21h,0.02138898347041307,0.0,h2
delta_temp_2h,0.019200978927275014,0.0,h2
temp_roll_std_12h,0.01863276921782453,0.0,h2
solar_elevation_deg,0.015714572136274918,0.0,h2
wspd,0.013643148866042232,0.0,h2
delta_temp_4h,0.01322669851684799,0.0,h2
delta_temp_16h,0.010121379673838526,0.0,h2
hours_from_solar_peak,0.009594153074977685,0.0,h2
doy_cos,0.009261915879485771,0.0,h2
wdir,0.00917614523806265,0.0,h2
delta_temp_22h,0.008508079288399584,0.0,h2
temp_roll_std_6h,0.0083839988747344,0.0,h2
delta_temp_3h,0.0076031216470615615,0.0,h2
delta_temp_11h,0.0075523570395801265,0.0,h2
delta_temp_14h,0.007341546770899932,0.0,h2
delta_temp_12h,0.006187817147313868,0.0,h2
temp_roll_std_24h,0.006019957814167309,0.0,h2
doy_sin,0.005046647520381975,0.0,h2
delta_temp_9h,0.004828911817074566,0.0,h2
delta_temp_13h,0.004122959967174156,0.0,h2
delta_temp_8h,0.003291950203818783,0.0,h2
temp_roll_std_3h,0.003082436205893213,0.0,h2
cldc,0.0029866453946415517,0.0,h2
delta_temp_23h,0.0029594776637126285,0.0,h2
temp_lag_2h,0.0022410990375000273,0.0,h2
delta_temp_5h,0.002215910854714398,0.0,h2
delta_pres_1h,0.002131401283940959,0.0,h2
delta_temp_7h,0.0019903160052039404,0.0,h2
longitude,0.0018503071665509907,0.0,h2
delta_pres_6h,0.0015859131009701155,0.0,h2
temp_lag_3h,0.0014926046680187044,0.0,h2
delta_temp_10h,0.0014891360741238202,0.0,h2
temp_roll_mean_6h,0.0013033550405847638,0.0,h2
delta_pres_3h,0.001179104121148522,0.0,h2
temp_lag_21h,0.0010934038218154418,0.0,h2
yesterday_max_temp,0.0010041416548456361,0.0,h2
temp_roll_mean_3h,0.0009975556091983417,0.0,h2
delta_temp_24h,0.0009872008984362912,0.0,h2
delta_temp_15h,0.0009374771228706225,0.0,h2
delta_temp_6h,0.0008518993506865247,0.0,h2
temp_lag_11h,0.0007896749080105181,0.0,h2
temp_lag_22h,0.0007891351431902338,0.0,h2
pres,0.0006501683575552697,0.0,h2
temp_roll_mean_12h,0.0005655737169095731,0.0,h2
temp_lag_24h,0.0004897680316361397,0.0,h2
temp_lag_9h,0.00045025995375369554,0.0,h2
temp,0.00044979185367000074,0.0,h2
temp_lag_1h,0.000364172198700774,0.0,h2
temp_lag_10h,0.00035073454962986084,0.0,h2
temp_lag_23h,0.0003312457171560368,0.0,h2
temp_lag_4h,0.00031633792390861615,0.0,h2
temp_lag_8h,0.00030671130238979494,0.0,h2
temp_lag_16h,0.00025147535838854207,0.0,h2
latitude,0.0001903495084814022,0.0,h2
solar_heating_efficiency,0.00014208002165072564,0.0,h2
temp_lag_6h,0.00012292746353237405,0.0,h2
temp_lag_12h,0.00011573110224960548,0.0,h2
temp_lag_17h,0.00010689085035642254,0.0,h2
temp_lag_13h,8.116467414631678e-05,0.0,h2
prcp,6.165515621592288e-05,0.0,h2
rain_3h_sum,3.595476781304008e-05,0.0,h2
delta_cldc_6h,3.301009618172923e-05,0.0,h2
temp_lag_7h,4.347487104539027e-06,0.0,h2
delta_temp_1h,0.0,0.0,h2
is_daylight,0.0,0.0,h2
is_raining,0.0,0.0,h2
is_us_airport,0.0,0.0,h2
rain_12h_sum,0.0,0.0,h2
is_coastal_airport,0.0,0.0,h2
temp_lag_18h,-5.7397007674597766e-05,0.0,h2
temp_lag_15h,-6.780894830005213e-05,0.0,h2
delta_cldc_1h,-0.00011135959468577816,0.0,h2
rain_6h_sum,-0.00013281565804068585,0.0,h2
temp_lag_19h,-0.00019224400105377626,0.0,h2
rain_24h_sum,-0.00026091991977317264,0.0,h2
wpgt,-0.00026692802157890494,0.0,h2
hours_since_rain,-0.00027160015395633064,0.0,h2
temp_lag_14h,-0.00031881283576384867,0.0,h2
temp_lag_5h,-0.00032076082591581123,0.0,h2
temp_roll_mean_24h,-0.000452835739813473,0.0,h2
temp_lag_20h,-0.0005017755694523007,0.0,h2
delta_cldc_3h,-0.0009352239219591052,0.0,h2
coco,-0.0015273860269809925,0.0,h2
solar_hour_angle_deg,0.1182889076382741,0.0,h1
delta_temp_20h,0.10668277087157901,0.0,h1
delta_temp_19h,0.0962081583060001,0.0,h1
temp_trend_1h,0.07733622993731676,0.0,h1
delta_temp_2h,0.050421382171461915,0.0,h1
city,0.044051925410931336,0.0,h1
delta_temp_3h,0.03030148330557264,0.0,h1
rhum,0.02907914162980768,0.0,h1
delta_temp_22h,0.02626630740104846,0.0,h1
delta_temp_21h,0.021946953041585227,0.0,h1
delta_temp_18h,0.01909922546713655,0.0,h1
delta_temp_4h,0.01691396183897742,0.0,h1
temp_roll_std_3h,0.01165523843395777,0.0,h1
delta_temp_5h,0.011647679805290245,0.0,h1
solar_elevation_deg,0.011507740086732499,0.0,h1
doy_cos,0.01055533453189067,0.0,h1
delta_temp_14h,0.00934153344967803,0.0,h1
wdir,0.008931125464139156,0.0,h1
delta_temp_15h,0.008360152974107804,0.0,h1
delta_temp_23h,0.00814084328379916,0.0,h1
temp_roll_std_12h,0.006254300920320199,0.0,h1
wspd,0.005160739734760111,0.0,h1
temp_roll_std_6h,0.0049924163371246055,0.0,h1
hours_from_solar_peak,0.004760622155521976,0.0,h1
delta_temp_12h,0.004605258322827266,0.0,h1
delta_temp_11h,0.003993871402452331,0.0,h1
delta_temp_24h,0.003588715056027647,0.0,h1
delta_temp_13h,0.0035736824182893145,0.0,h1
delta_temp_16h,0.0034624257840604744,0.0,h1
delta_temp_9h,0.003363647196887476,0.0,h1
temp_roll_std_24h,0.003149972892502295,0.0,h1
doy_sin,0.0031408988891115097,0.0,h1
delta_temp_17h,0.002749727191324436,0.0,h1
delta_pres_3h,0.0026303004812109343,0.0,h1
cldc,0.0020673249271893623,0.0,h1
delta_temp_10h,0.0018231705539151766,0.0,h1
delta_temp_6h,0.0017193587261224996,0.0,h1
temp_lag_22h,0.0015601167941733385,0.0,h1
longitude,0.0015467441987542796,0.0,h1
rain_24h_sum,0.0014495725652006186,0.0,h1
delta_temp_7h,0.0014421961087537905,0.0,h1
delta_pres_6h,0.0011821095290741601,0.0,h1
delta_cldc_1h,0.0009700948776332763,0.0,h1
coco,0.000937724450162547,0.0,h1
delta_temp_8h,0.0008838554124320774,0.0,h1
temp_lag_24h,0.0007921450838351274,0.0,h1
yesterday_max_temp,0.0006532850789924827,0.0,h1
temp_lag_18h,0.0006136548742110004,0.0,h1
temp_lag_23h,0.0005010680752593477,0.0,h1
temp,0.0004296391974019653,0.0,h1
temp_roll_mean_3h,0.00041014940866851424,0.0,h1
temp_lag_6h,0.00036501327223603663,0.0,h1
rain_3h_sum,0.00023840031694116748,0.0,h1
delta_cldc_3h,0.00022654150906792347,0.0,h1
pres,0.00016694397680561135,0.0,h1
temp_lag_4h,0.00016421531037846826,0.0,h1
temp_lag_14h,0.0001398721736493025,0.0,h1
delta_cldc_6h,8.93871510173061e-05,0.0,h1
solar_heating_efficiency,8.654601981000765e-05,0.0,h1
temp_lag_7h,8.583054195088202e-05,0.0,h1
latitude,8.050990212071785e-05,0.0,h1
temp_lag_11h,6.15629951966068e-05,0.0,h1
wpgt,3.4117371371211735e-05,0.0,h1
temp_lag_5h,3.4108978682168e-05,0.0,h1
temp_lag_21h,2.9293911194494537e-05,0.0,h1
is_daylight,2.2770328783117133e-05,0.0,h1
hours_since_rain,1.4324177957381057e-05,0.0,h1
temp_lag_10h,3.639980244440899e-07,0.0,h1
is_raining,0.0,0.0,h1
is_coastal_airport,0.0,0.0,h1
is_us_airport,0.0,0.0,h1
delta_temp_1h,0.0,0.0,h1
temp_lag_12h,-8.683748484727971e-07,0.0,h1
temp_lag_17h,-2.01458331849369e-05,0.0,h1
temp_lag_2h,-2.7148197566995158e-05,0.0,h1
prcp,-3.2732342518826396e-05,0.0,h1
rain_6h_sum,-5.4980108504132374e-05,0.0,h1
temp_lag_13h,-6.977640018424047e-05,0.0,h1
rain_12h_sum,-7.923504503504208e-05,0.0,h1
temp_lag_8h,-9.086033410565797e-05,0.0,h1
temp_lag_15h,-0.00012565363436772836,0.0,h1
temp_lag_16h,-0.00014849190300791903,0.0,h1
temp_lag_9h,-0.00015251592045811835,0.0,h1
temp_lag_3h,-0.00018543555516964405,0.0,h1
temp_lag_20h,-0.00022878467536752156,0.0,h1
temp_lag_1h,-0.0002417836665296602,0.0,h1
temp_roll_mean_6h,-0.0002807002782906909,0.0,h1
temp_roll_mean_24h,-0.0003410673147637433,0.0,h1
delta_pres_1h,-0.0004035539290502266,0.0,h1
temp_lag_19h,-0.0005210786282584534,0.0,h1
temp_roll_mean_12h,-0.0006344701357616223,0.0,h1
