city,month,n_days,mean_peak_offset_hours,median_peak_offset_hours,std_peak_offset_hours,p10_peak_offset_hours,p90_peak_offset_hours,mean_abs_peak_offset_hours,median_abs_peak_offset_hours,mean_peak_hour_local,median_peak_hour_local,mean_solar_noon_hour_local,median_solar_noon_hour_local,mean_daily_max_temp,p90_daily_max_temp,mean_n_peak_obs
ANK,1,651,2.517384993052462,2.88736037767,1.5391846952251467,0.6008637899172222,4.0006183352511115,2.649283289772951,2.983069958392222,14.937433009045913,15.0,12.420048259818685,12.013829332993696,3.813364055299539,10.0,1.6159754224270353
ANK,2,593,2.554839493177449,2.963010871954167,1.403762225370189,0.9658314807788888,3.967264668670278,2.6629796373467784,2.9637401382980553,15.061358441071762,15.0,12.506519215567542,12.037838340122565,7.007925801011804,14.0,1.5868465430016863
ANK,3,635,2.642736963983396,3.0126706203241667,1.4695232864799281,0.7096339003981679,4.073855537208056,2.7700741190843665,3.0167952867311114,15.126089238845145,15.0,12.483352274861932,12.87861301756245,11.531653543307087,18.0,1.4299212598425197
ANK,4,600,2.845003461483495,3.1978331328566667,1.5211971060463831,0.7191999115236667,4.236709733942222,2.953064340944722,3.199999610191111,15.65,16.0,12.804996538516598,12.800000389809025,16.918833333333332,23.1,1.47
ANK,5,620,2.9907290388910304,3.262523896801111,1.6302304049120997,0.7581105695819166,5.24717216079,3.1061510549833637,3.262854343875,15.732123655913977,16.0,12.741394617023058,12.739669415188375,21.56774193548387,28.0,1.4516129032258065
ANK,6,600,3.110614728245486,3.2195578677230556,1.5382367948899283,1.1487964580080554,5.181188210029167,3.179864697926598,3.2195578677230556,15.915277777777776,16.0,12.804663049532499,12.804336288981231,26.075666666666667,31.0,1.435
ANK,7,620,3.455126849471127,3.5971979702947223,1.1639656310349535,2.09117641992,5.091916371346111,3.466834028126684,3.5971979702947223,16.348790322580644,16.5,12.893663473109552,12.898605203152151,30.04612903225806,34.010000000000005,1.5096774193548388
ANK,8,620,3.4966990901799893,3.625085834836111,0.9726436977881093,2.131992581521111,4.613741604168362,3.499400559714721,3.625085834836111,16.36774193548387,16.5,12.871042845303991,12.878313237071795,30.839677419354835,35.0,1.482258064516129
ANK,9,600,3.1781458139554557,3.3481969102380558,1.161999709304748,2.1989827358391665,4.283392129811111,3.228190635690071,3.3481969102380558,15.89611111111111,16.0,12.71796529715581,12.716607870188914,25.792166666666667,31.110000000000003,1.55
ANK,10,620,2.8092466800214964,2.9581481650341663,1.1300517958274043,1.4356792562047225,3.962705881525,2.8560847739796236,2.9581481650341663,15.311021505376345,15.5,12.501774825355012,12.556697210230395,19.315322580645162,25.01,1.4629032258064516
ANK,11,600,2.597223456132729,2.469240885357222,1.0763206113579573,1.4109183833039167,3.472427671515,2.6446802361881674,2.469240885357222,14.66711111111111,15.0,12.069887654978526,12.527341770910956,12.984833333333333,19.2,1.3716666666666666
ANK,12,620,2.454563167683091,2.336046119295,1.341125404262469,0.83260565742,3.7358487658141666,2.571764637794236,2.33948658117,14.684212365591398,15.0,12.229649581932879,12.23528659987751,6.3956451612903225,11.5,1.4838709677419355
ATL,1,682,2.374602316916573,2.7461618100741663,1.8443073624616164,0.1999259008,4.1548832917250005,2.7781255418900193,2.7866230186630556,15.146646301726948,15.5,12.772044450294876,12.778202946679242,11.636950146627566,19.4,1.967741935483871
ATL,2,621,2.5147722455859403,3.1348242052872224,2.0358748011428527,0.14071679280305555,4.140498768644166,2.9932228262648426,3.1376281123091667,15.373935856146002,16.0,12.85916380226331,12.860893835248236,14.462640901771335,21.7,1.8244766505636072
ATL,3,665,2.7305369234137977,3.1804842773391666,1.7684532348795239,0.727387587571,4.256094527595001,3.0244977656335776,3.192852542542222,16.127907268170425,16.5,13.397370344756785,13.722740222667392,18.665413533834588,25.6,1.8451127819548871
ATL,4,630,2.9867547028099257,3.3585112861522224,1.6276881160083898,1.3575774309069166,4.380151975864167,3.2098761867853556,3.367479988855,16.61522486772487,17.0,13.628470164915084,13.628187056475692,22.80920634920635,27.8,1.8698412698412699
ATL,5,651,2.7797814970480417,2.935438770515,1.488528079782002,1.4237861728841665,4.4257825525622225,2.9386607671386757,2.9360543326980557,16.349359959037375,16.5,13.569578461989456,13.56785608185504,26.693241167434714,31.1,1.8110599078341014
ATL,6,630,2.6940949271293566,2.879736746247083,1.395387236439872,0.40327709149850005,4.367477044352222,2.777180822055236,2.8814492552491666,16.326904761904764,16.5,13.632809834775573,13.632522955647898,30.668412698412695,33.9,1.7142857142857142
ATL,7,651,2.514856471870367,2.7646293976322225,1.424345156534255,0.30088501685999997,4.262481149446111,2.628712825219684,2.765685964217222,16.23668714797747,16.5,13.721830676107336,13.726791869818816,31.665284178187402,34.4,1.685099846390169
ATL,8,651,2.5559283844234195,2.7766196699541665,1.3260259243878603,0.800459330195,4.267332988534167,2.6512865508058594,2.7766196699541665,16.255197132616487,16.5,13.699268748193148,13.706499903738461,31.301689708141325,34.4,1.7526881720430108
ATL,9,630,2.5246946961029324,2.5346455673041666,1.2631992041953504,0.9545781637995556,3.540915917958806,2.6109620804049825,2.5346455673041666,16.07091798941799,16.0,13.546223671244055,13.544794536855584,28.672063492063494,32.8,1.7809523809523808
ATL,10,651,2.514035499815991,2.629961498367222,1.3016700887355124,1.0999568289222221,3.62737953133,2.6418761904686066,2.6323425076141667,15.897644649257552,16.0,13.383609149441757,13.38488387689706,23.35268817204301,28.3,1.758832565284178
ATL,11,630,2.4273070944710735,2.6319744624122223,1.4855268424079964,0.6430115079279166,3.6319744624122223,2.6269386167576028,2.6362808450891664,14.897804232804233,15.0,12.470497138333219,12.386198430981748,17.571587301587304,23.360000000000014,1.8793650793650793
ATL,12,652,2.3219103532376715,2.518066671117222,1.923928510688732,0.37816637784261126,3.5432418185826666,2.7379834417312092,2.8305957038180556,14.879841939331971,15.0,12.557931890408348,12.553937831504026,13.466411042944786,21.09,1.9524539877300613
BUE,1,682,2.6874644255605515,2.9286610249166665,1.6153714541056492,0.8916931102526112,4.90613107557186,2.8455685248756364,2.9366567190649997,15.824291300097752,16.0,13.1368268745373,13.063343280935362,30.171700879765393,35.0,1.5161290322580645
BUE,2,621,2.5424325369745904,2.860419186018056,1.466096848391288,0.8637547789761111,3.875436681051111,2.680680072729227,2.86094785106,15.76725711218465,16.0,13.224824575210173,13.136161712009825,29.017230273752013,33.8,1.460547504025765
BUE,3,666,2.3757407153183685,2.5166736223515276,1.4264733584798,0.9211578752976388,3.916857247970139,2.5544854919138125,2.5793396201943057,15.473998998998997,15.666666666666666,13.098258283680824,13.058220487931248,26.263513513513512,31.0,1.4834834834834836
BUE,4,630,2.2498258139209883,2.137573758735,1.3614333278897255,0.6243027140768056,3.60627864253,2.42975658985853,2.1403489685291666,15.156931216931216,15.0,12.907105403010322,12.902060389809026,22.71904761904762,27.2,1.4333333333333333
BUE,5,651,2.0735696369061114,2.1598699205380556,1.4610130694226264,0.16307562533999997,3.1630512528530557,2.320533367646562,2.160794343875,14.917020822665984,15.0,12.84345179532279,12.841729415188373,18.461904761904762,24.0,1.4516129032258065
BUE,6,630,2.178369741944211,2.1109458803341665,1.416530115969166,0.6294037581644722,3.564537820199167,2.3543926324298403,2.115876468927639,15.08505291005291,15.0,12.906683168108907,12.906396288981231,15.685396825396824,20.0,1.4285714285714286
BUE,7,651,2.15311831518814,2.0270116835272223,1.4965933171751415,0.5012617758861111,3.51024188449,2.391077737603174,2.0333175444330553,15.148822324628776,15.0,12.995704009440667,13.00066520315215,15.00414746543779,20.0,1.456221198156682
BUE,8,651,2.272864062866869,2.080642250965,1.4094503414323205,0.8318345395894444,3.5754266377261112,2.4441301087321916,2.085966983316111,15.24600614439324,15.0,12.973142081526483,12.980373237071795,16.980184331797236,23.0,1.4792626728110598
BUE,9,630,2.190409420214922,2.2126249815661114,1.4400360167232094,0.2659099773021112,3.687609470753056,2.385174792062973,2.2157229431670835,15.010506172839506,15.0,12.82009700457739,12.818667870188914,19.11952380952381,24.51,1.565079365079365
BUE,10,651,2.4878324173786583,2.3683628321130556,1.5677359845518304,0.8301288591272221,4.303531105874167,2.705197875544255,2.3692555817011107,15.172964669738864,15.0,12.685132252360344,12.658757210230394,22.171889400921657,28.0,1.5576036866359446
BUE,11,630,2.628909951613998,2.7960472806366665,1.696246231042201,0.8601595841480001,4.349984108327222,2.886137604016579,2.8603659342741663,15.336772486772485,15.55,12.707862535158615,12.65315566889032,26.006507936507933,31.3,1.5047619047619047
BUE,12,651,2.7969233747103557,3.094994056836111,1.652870626535271,1.11050042039,4.61050042039,2.987891592145065,3.1182667263680557,15.679237071172555,16.0,12.882313696462226,12.835415580549757,28.87557603686636,34.0,1.477726574500768
CHI,1,682,2.410553039813628,2.4841097153311114,2.790090688451676,-1.3493746990274968,6.5325672934225,3.0771790690885243,2.931074247923611,14.414570299771913,14.5,12.004017783628209,12.010176280012576,-1.02316715542522,6.7,2.401759530791789
CHI,2,621,2.31886593165285,2.4142708714500003,2.246051766450378,-0.09799551160888888,4.421658730902222,2.776085197216332,2.902001659877222,14.410002683843262,14.5,12.091137135596645,12.092867168581568,1.1676328502415458,10.6,2.138486312399356
CHI,3,665,2.2297683877890004,2.550604572775,2.100264369461656,-0.5153798602851108,4.475237931785,2.6859361513402846,2.937317363431111,14.85911111111111,15.0,12.629343678090121,12.954713556000724,8.265263157894736,17.8,1.9428571428571428
CHI,4,630,2.207757559952735,2.631071112616111,2.3106246396720818,-0.9131156523826388,4.608500192246,2.841225174160297,2.8645446385963886,15.068201058201058,15.5,12.860443498248419,12.860160389809026,14.509206349206348,23.9,1.8571428571428572
CHI,5,651,2.4007304078811993,2.7044114966630555,2.1002616107402092,-0.2998294151877777,4.694939058499999,2.8009960650762116,3.18701216079,15.202281959378734,15.5,12.801551795322789,12.799829415188375,21.03625192012289,29.4,1.8125960061443933
CHI,6,630,2.3789734456479144,2.678472666503611,1.9170849709316373,0.08519531897416667,4.515847065492058,2.701534231288836,3.0851953189741668,15.243756613756615,15.5,12.864783168108907,12.864496288981233,26.884285714285713,32.8,1.873015873015873
CHI,7,651,2.2583823704876793,2.530438879202222,1.668485908681032,0.034923008423055554,4.057331399579167,2.474527131732556,2.5305078161130554,15.212186379928315,15.5,12.953804009440669,12.95876520315215,28.761443932411677,32.8,1.8525345622119815
CHI,8,651,2.181225916425497,2.0976544108130555,1.5451750690483563,0.11222521794722222,4.047031613199167,2.371248497899953,2.1023844442330555,15.11246799795187,15.0,12.931242081526483,12.938473237071795,27.910752688172046,32.2,1.8740399385560675
CHI,9,630,2.1545543181740894,2.24204977556,1.6894733325492381,0.2163329529899167,4.139955491813861,2.415895535317258,2.254524981566111,14.932751322751322,15.0,12.77819700457739,12.776767870188916,24.263650793650793,30.6,1.880952380952381
CHI,10,651,2.2761761170481534,2.406274072866111,1.8592326141810849,-0.08817326787083334,3.9045151537211114,2.6009203525770213,2.412274723024167,14.891757552483359,15.0,12.615582482775089,12.616857210230394,16.820890937019968,25.6,2.0798771121351765
CHI,11,630,2.268557495075811,2.4022659342741663,2.2813550737592636,-0.6146085338869445,4.359129602874306,2.742309867384326,2.4118121475761107,13.97102733686067,14.0,11.702470471666553,11.618171764315083,8.857777777777777,17.2,2.074603174603175
CHI,12,652,2.6051941043331652,2.6214715871372225,2.7164993327071976,-0.8021304335116384,6.796577665234499,3.1178695256084383,2.732846484999028,14.395098415132923,14.5,11.789905223741682,11.78591116483736,2.0374233128834356,10.0,2.4539877300613497
DAL,1,496,2.731124228660627,2.958349685329167,1.735599650776099,1.1893170263688888,3.9955939255029165,3.005411863186873,2.987362712916111,15.331441532258065,15.5,12.600317783628208,12.606476280012574,13.626612903225807,22.2,1.844758064516129
DAL,2,452,2.7435084851010667,3.30654785106,1.9283342763578377,0.3584281994252505,4.315708413339917,3.122846669396797,3.3072888568580554,15.430932890855457,16.0,12.687424581340865,12.68916716858157,15.974778761061948,25.6,2.006637168141593
DAL,3,478,2.853215860428528,3.352210944005,1.8441458147409786,0.981313772714139,4.402102012646111,3.1737727355086314,3.364579209209167,16.13822640632264,16.5,13.285011149660507,13.561630844438985,21.431589958158995,28.090000000000003,1.8410041841004183
DAL,4,450,2.8623896495524765,3.4754876161811112,1.7888862325104864,0.5819177664651112,4.506786066964612,3.155377983646362,3.4911009165041667,16.323777777777778,17.0,13.461388128225384,13.456460389809024,24.757555555555555,30.0,1.86
DAL,5,465,2.9069442999801614,3.1077809993649996,1.591245252091995,1.3005729027320025,4.6053019563025,3.083156597417446,3.108463515578056,16.304802867383515,16.5,13.397858567403434,13.396129415188375,28.845376344086024,33.3,1.8387096774193548
DAL,6,450,3.209154449808012,3.5101378201991666,1.231019058584764,1.5455693232789167,4.546966544368611,3.2447827853024975,3.5101378201991666,16.670333333333332,17.0,13.46117888352553,13.460796288981232,33.58111111111111,36.7,1.8911111111111112
DAL,7,466,3.017841463458698,3.433489871495139,1.314054750244496,1.45711210992,4.439983943622222,3.121063650878236,3.43361263392375,16.568025751072962,17.0,13.550184287614314,13.55506520315215,35.70364806866953,38.9,1.907725321888412
DAL,8,496,3.0003869396423544,3.078577886963472,1.1040563683860964,1.4686258348361112,4.445118525999167,3.0225605108650764,3.078577886963472,16.527889784946236,16.583333333333336,13.527502845303992,13.534773237071795,36.090927419354834,40.0,1.8991935483870968
DAL,9,480,2.874012202844382,3.0538502955861113,1.195029772156034,1.6332094707530556,4.0902111237896674,2.9637406404551134,3.0538502955861113,16.2484375,16.5,13.374425297155812,13.373067870188915,32.47625,36.7,1.85
DAL,10,496,2.756214099376308,2.9209635441081945,1.498664881311954,1.5146091234206944,3.8040691742800004,2.97753512672803,3.228633893956111,15.975739247311827,16.125,13.219525147935657,13.213157210230396,26.571370967741935,32.2,1.9294354838709677
DAL,11,480,2.7141483767676737,2.8139187618699997,1.6571146043139273,1.2964357424985002,3.814829220453056,2.992618452974172,2.8159676715149997,15.030912615740741,15.0,12.316764321645193,12.218242412417796,19.621458333333333,26.7,1.9145833333333333
DAL,12,496,2.617154626976539,3.0098912430711113,1.7740803991806817,0.6177888351630555,4.036731369147639,2.9065000430989785,3.0444672350141664,15.00326388888889,15.5,12.386109581932878,12.38221116483736,15.55241935483871,23.9,1.935483870967742
LON,1,682,2.136299518424668,1.8443884767399998,2.4799188805759544,-0.22893063049999998,5.824180090102999,2.588911237994838,1.8848496853291665,14.310117302052786,14.0,12.173817783628209,12.179976280012575,7.927272727272727,11.9,1.2434017595307918
LON,2,621,2.0956651188318,1.7492200827991666,1.8904236056351544,-0.25552912855,3.746756107555,2.331860863801892,1.7518587309022222,14.356602254428342,14.0,12.260937135596645,12.262667168581569,8.95378421900161,13.1,1.2270531400966183
LON,3,666,2.194262136739781,2.3387703119470835,1.55067052513428,0.2607793632811111,3.856952196722639,2.3361579584932652,2.3490897665691666,14.504504504504505,15.0,12.310242367764907,12.204563458614377,11.534384384384383,16.1,1.1636636636636637
LON,4,630,2.436423168418352,2.8993529310941666,1.5633572610852673,0.006749733942222223,4.009951279714417,2.55294650865513,2.901987616181111,15.471428571428572,16.0,13.035005403010322,13.029960389809025,15.056190476190476,20.1,1.1111111111111112
LON,5,651,2.596492546715212,3.0214328059061115,1.7556569915790605,0.03461149666305555,5.023352121579166,2.756407220431582,3.02201283955,15.567844342037889,16.0,12.97135179532279,12.969629415188374,18.169278033794164,23.8,1.1505376344086022
LON,6,630,2.5831416996161685,2.9457494444345835,1.858483152506668,-0.017291115507638868,4.947941268999917,2.787004400240771,2.94757605333,15.617724867724867,16.0,13.034583168108908,13.034296288981231,21.7631746031746,27.310000000000002,1.119047619047619
LON,7,651,2.619355539970535,2.8651230084230557,1.7694354250416537,-0.10392048290583333,4.865123008423056,2.7925117019578667,2.8664839436222223,15.742959549411161,16.0,13.12360400944067,13.128565203152151,23.701536098310292,29.2,1.0921658986175116
LON,8,651,2.393965598965179,2.8642345452761115,1.7690139261757685,-0.1048741651638889,4.867062612045,2.5846295409089897,2.867062612045,15.495007680491552,16.0,13.101042081526481,13.108273237071794,22.731029185867897,27.0,1.1290322580645162
LON,9,630,2.2295162229360312,2.1212080287,1.592568788126434,0.09030131244786113,4.06598431125,2.3977528267173693,2.1270790802461113,15.177513227513229,15.0,12.947997004577388,12.946567870188915,20.216825396825396,24.610000000000003,1.1444444444444444
LON,10,651,2.0494869488686738,2.21334278977,1.6341562634477522,0.20981328638722221,3.2424747230241664,2.2535183605557414,2.2166910716072223,14.711981566820276,15.0,12.662494617951742,12.786657210230395,16.000768049155145,19.1,1.1751152073732718
LON,11,630,2.0525972532012995,2.181470565142222,2.1232305123424706,0.1911674812391667,4.205057246238,2.3578299782774845,2.195733928705,13.84074074074074,14.0,11.788143487539566,11.781055668890321,11.25,15.0,1.16984126984127
LON,12,651,2.2723003844389877,2.02903491132,2.5351554016221614,-0.001868034693888889,6.928822370485278,2.658887576918047,2.06675946172,14.231822836661545,14.0,11.959522452222595,11.955711164837359,8.708294930875576,13.0,1.23963133640553
MIA,1,682,1.4864069084540021,1.5007787589916666,1.4742688968265036,-0.42226313535608323,3.098385736891361,1.7469006009421864,1.52865001063,13.982404692082111,14.0,12.495997783628209,12.502156280012574,24.37507331378299,27.8,1.9296187683284458
MIA,2,621,1.2917620914565888,1.4125799188050001,1.4281150657136539,-0.5817280551658333,2.9296787309022223,1.5963870052303033,1.4182719448341665,13.874879227053139,14.0,12.583117135596646,12.58484716858157,25.55217391304348,28.9,1.8244766505636072
MIA,3,665,1.2401621794109978,1.445337363431111,1.3724421385948606,-0.48853491331388893,2.981472015655778,1.5243834934433647,1.4646552867311111,14.361485797827903,14.5,13.121323678090121,13.446693556000726,26.832180451127822,30.0,1.781954887218045
MIA,4,630,1.220645284820453,1.1561986425300002,1.3377994864022282,-0.37478059963500004,2.6877712797144167,1.479356396259377,1.3071072354188888,14.573068783068782,14.5,13.352423498248417,13.352140389809025,28.683650793650795,31.1,1.873015873015873
MIA,5,651,1.045126678819655,1.1927388188199999,1.4210447492565648,-0.30726118118,2.7097899205380553,1.439403743810719,1.2875685033369446,14.338658474142346,14.5,13.29353179532279,13.291809415188375,30.302918586789556,32.8,1.803379416282642
MIA,6,630,0.6938018356705741,0.6574959219161112,1.5731577629867035,-1.3394711155076389,2.639936997406111,1.3684296432643845,1.1796160531980555,14.050564814814814,14.0,13.356763168108905,13.356476288981233,31.569999999999997,33.3,1.7904761904761906
MIA,7,651,0.7564689347477919,0.7992547968480556,1.4803466334936968,-1.4290448121458332,2.551181775886111,1.3578912356833117,1.176931683527222,14.202252944188427,14.25,13.445784009440668,13.45074520315215,32.331490015360984,33.9,1.8356374807987712
MIA,8,651,0.6423839458308149,0.6358869833161112,1.4814452683065549,-1.4077020707508334,2.539937365866111,1.3199849261426206,1.1253466377261112,14.065605905444615,14.0,13.423222081526482,13.430453237071795,32.45360983102918,33.9,1.903225806451613
MIA,9,630,0.6831827837825644,0.724979136365,1.4761058432144707,-1.244305951136,2.675758042844167,1.2954587909286983,1.1123593568627776,13.953359788359789,14.0,13.27017700457739,13.268747870188916,31.732380952380954,33.3,1.7555555555555555
MIA,10,651,0.9590103112171975,0.8976737982780556,1.3819148753714663,-0.6160729218977778,2.887633286387222,1.3422981708465147,1.084160060367778,14.06657279399215,14.0,13.10756248277509,13.108837210230396,29.846236559139786,32.2,1.9508448540706604
MIA,11,630,1.2402320680161327,1.1705182290891667,1.39217215651532,-0.5862413185178333,2.9080211290791667,1.529550166009959,1.3898482356850002,13.434682539682541,13.5,12.194450471666553,12.110151764315082,27.26777777777778,30.0,1.9
MIA,12,652,1.301831545174501,1.2771774828769447,1.3139493069210486,-0.2778911648369445,2.7941133377841667,1.5128149654035168,1.3072789994361111,13.583716768916156,13.5,12.281885223741682,12.27789116483736,25.746932515337424,28.3,1.9095092024539877
NYC,1,682,2.8983587354801363,2.9762571232511115,2.575331031225504,-0.12709967679644438,5.995911195814278,3.3772224723233095,3.0155276441640284,14.96682266210492,15.0,12.068464450294876,12.07462294667924,3.982111436950147,11.1,2.370967741935484
NYC,2,621,3.195795181966116,3.357212064236111,2.418339070117186,0.4098327767361111,5.852109440888055,3.6008813241732462,3.837557821724167,15.351378600823045,15.5,12.155583802263312,12.157313835248235,5.27890499194847,12.8,2.0434782608695654
NYC,3,665,2.9274878507320934,2.9861579061080556,2.1631461346966145,-0.0032196842288888887,4.986157906108056,3.24722812766644,3.360021137671111,15.62127819548872,16.0,12.693790344756787,13.019160222667391,9.747518796992482,17.2,1.8616541353383458
NYC,4,630,2.7401740830065253,3.050355365860139,2.1475914650337247,0.09498084897800002,5.095718150231806,3.0660445799391822,3.0688422174025,15.665063932980598,16.0,12.924890164915082,12.92460705647569,15.86936507936508,23.3,1.746031746031746
NYC,5,651,2.5951547089564673,3.1225654941241667,2.070513462137468,0.13119771446,5.133655071029167,2.9089945208865897,3.1267861392391665,15.461152500426694,16.0,12.865998461989456,12.864276081855042,21.44715821812596,28.3,1.706605222734255
NYC,6,630,2.5893075801905487,2.8228001388015276,1.9353179582044295,0.05658154336222222,5.038733603912721,2.8229278710535444,3.0207486523080553,15.518537037037037,15.75,12.929229834775574,12.928942955647898,26.762698412698413,32.2,1.8253968253968254
NYC,7,651,2.6495936659307873,2.9656197357872225,1.7039709046262128,0.48295955054416667,4.510770877766111,2.7654304869953488,2.9656197357872225,15.66784434203789,16.0,13.018250676107336,13.023211869818818,30.127496159754223,34.4,1.7419354838709677
NYC,8,651,2.521201018466253,2.9674706991999997,1.749212779038346,0.477989179075,4.507757757594167,2.7286985181885526,2.9695878786091665,15.51688940092166,16.0,12.99568874819315,13.002919903738462,28.707526881720426,32.8,1.8402457757296466
NYC,9,630,2.614695708952484,2.8254521298108335,1.7672275241150714,0.6331686746529722,4.227148467187667,2.850161469695791,3.074376069172222,15.457338624338623,15.666666666666666,12.842643671244057,12.841214536855581,25.011904761904763,30.0,1.9476190476190476
NYC,10,651,2.6701122691330212,2.8473800654630557,2.02129211540616,0.34182740619999996,4.345816165447222,3.025249989527429,3.2657925858641668,15.350141235705753,15.5,12.680029149441756,12.681303876897061,18.829646697388633,25.0,2.1013824884792625
NYC,11,630,2.766151644735624,2.847593242879167,2.2878255788593633,0.24193944107172358,5.33306798728,3.174028041180503,3.265299147847222,14.533068783068783,15.0,11.766917138333218,11.68261843098175,12.307619047619047,18.9,2.2523809523809524
NYC,12,652,2.9071931724021156,3.0493633691111115,2.679185176418707,-0.46430552965263877,6.727641884585165,3.390490296890443,3.107363698893611,14.7615443933197,15.0,11.854351890408347,11.850357831504025,6.837576687116565,13.3,2.3696319018404908
PAR,1,682,2.3827036910262804,2.0710504565841665,2.270483399102931,0.020757394455055606,6.0642403248441665,2.7124185000236976,2.099333637521111,15.356374633431086,15.0,12.973671116961542,12.97982961334591,6.739149560117302,11.9,1.4134897360703813
PAR,2,621,2.3149859285856556,2.434863264022222,1.8548330150920451,-0.05063325053388888,3.9446175381172224,2.5466086593914032,2.439090126137222,15.375776078010377,15.5,13.060790468929978,13.062520501914902,8.498389694041869,13.3,1.463768115942029
PAR,3,666,2.511175570173173,2.971255560462222,1.5589622098028129,0.7274312346895834,4.051852147081528,2.6685604412971533,2.9749885390600004,15.62127127127127,16.0,13.11009570109824,13.00441679194771,12.118468468468468,18.0,1.2807807807807807
PAR,4,630,2.7441095176247132,3.1354094210097223,1.63324129247505,0.6386896265043058,4.212595635195,2.9024879406322097,3.1378802802322223,16.578968253968252,17.0,13.834858736343653,13.829813723142358,16.155555555555555,23.0,1.2412698412698413
PAR,5,651,2.876004292747011,3.227663683689167,1.725510266015194,0.23529791952,4.735110182245,3.037446841176491,3.228448404362222,16.64720942140297,17.0,13.771205128656122,13.769482748521707,19.190015360983104,24.9,1.228878648233487
PAR,6,630,3.0685793715737457,3.1929154088041667,1.747060733983628,0.6828555511593055,5.129569006899167,3.241576982669706,3.1929154088041667,16.90301587301587,17.0,13.834436501442239,13.834149622314564,23.034603174603173,29.01,1.2555555555555555
PAR,7,651,3.157187818516472,3.0992583501941664,1.7052222652725748,1.06041306912,5.077752883877222,3.2869395691605696,3.0992583501941664,17.080645161290324,17.0,13.923457342774002,13.928418536485484,25.240399385560675,30.9,1.2165898617511521
PAR,8,651,2.9019207653757912,3.102551090928056,1.568337481637462,1.0707478729222222,4.565706321867222,3.0167454757888867,3.102551090928056,16.802816180235535,17.0,13.900895414859816,13.908126570405129,24.64900153609831,30.1,1.228878648233487
PAR,9,630,2.512731672671416,2.7848716482322224,1.472374061360141,0.3142053658069167,4.210137132325,2.6576140536284405,2.818383576904722,16.26058201058201,16.5,13.747850337910723,13.74642120352225,21.466349206349204,27.3,1.2206349206349207
PAR,10,651,2.3522961859398017,2.4229734910941665,1.5045237163322067,0.43816660629805554,3.44262138969,2.5082432791150584,2.4257528646630555,15.814644137224784,16.0,13.462347951285073,13.586510543563728,16.706758832565285,21.9,1.2488479262672811
PAR,11,630,2.377796829920886,2.391314147905,2.042476045182193,0.41909099777611114,4.866804867482,2.645020295940118,2.406416806385139,14.965793650793652,15.0,12.5879968208729,12.580909002223654,10.786825396825396,15.6,1.3238095238095238
PAR,12,651,2.305242750030555,2.206035432481111,2.525003049996485,0.12896903715222222,6.71377642579,2.7548765184457897,2.251987592002222,15.064618535586279,15.0,12.759375785555928,12.755564498170692,7.584639016897082,12.3,1.3732718894009217
SEA,1,682,2.3502709190669973,2.243865390714167,2.120079315781652,-0.20902583997524993,4.7683393388972215,2.66544752455088,2.2976771840000003,14.647721163245356,14.5,12.297451116961543,12.303609613345909,8.068768328445747,12.2,2.271260997067449
SEA,2,621,2.328246799684399,2.610146804965,1.6469114338334383,0.6084638685891667,3.628225397569167,2.4831924244425534,2.610146804965,14.712817140812309,15.0,12.384570468929978,12.386300501914901,8.88196457326892,13.3,2.033816425120773
SEA,3,666,2.2235853313629206,2.638792596714028,1.7424057656601242,-0.23220635089583333,3.831762038077083,2.5010506313814234,2.6474755604622224,15.146950283616949,15.5,12.92336519058773,13.248146889334059,11.384234234234233,15.850000000000001,1.8513513513513513
SEA,4,630,2.7716711653949,2.888815635195,1.6889202970141646,0.7778273458306667,4.784116032336805,2.9684776917532383,2.888815635195,15.925547619047618,16.0,13.15387683158175,13.15359372314236,14.20904761904762,20.0,1.8317460317460317
SEA,5,651,3.157703043387052,3.4089305634680556,1.5725011624601368,0.9100321038491667,4.904668404362222,3.2807638639702494,3.4089305634680556,16.252688172043012,16.5,13.094985128656123,13.093262748521708,18.43179723502304,25.0,1.792626728110599
SEA,6,630,3.3533443451187193,3.79869201396,1.5935162458803145,0.8886235519608056,4.875239769529167,3.429475692517914,3.79869201396,16.511560846560847,17.0,13.15821650144224,13.157929622314565,21.166666666666668,27.2,1.773015873015873
SEA,7,651,3.7318973218446945,3.75178701504,1.145019576824817,2.7363657185541665,4.778592882217223,3.751009029728384,3.75178701504,16.979134664618535,17.0,13.247237342774003,13.252198536485484,25.144700460829494,30.6,1.7204301075268817
SEA,8,651,3.4067889988627345,3.743429278711111,1.126758208126462,1.8238933043930554,4.749002512409167,3.429763755901664,3.743429278711111,16.63146441372248,17.0,13.224675414859815,13.231906570405128,25.006298003072196,30.6,1.69431643625192
SEA,9,630,2.95371357743333,2.997574695367222,1.2295242174788883,1.5010573254306667,3.998161800521806,3.0231452508383723,2.997574695367222,16.025343915343917,16.0,13.071630337910724,13.07020120352225,21.26809523809524,26.7,1.7968253968253969
SEA,10,651,2.3980374352997607,2.5861799530541667,1.6103935239167249,0.5930577382741666,4.074550162255,2.5868933299961228,2.596220464945,15.30705325140809,15.5,12.909015816108424,12.910290543563727,15.23195084485407,19.4,1.8602150537634408
SEA,11,630,2.0909234814703277,2.106567795745,1.9472561093735805,0.061771997605000066,4.111055881474917,2.4262633520428816,2.1134869110041667,14.086826278659611,14.0,11.995903804999886,11.911605097648415,10.334761904761905,14.4,2.0825396825396827
SEA,12,652,2.073468337462187,1.9649340460472222,2.23885588729124,-0.1857140558553332,4.675762424264916,2.4782021425084046,1.9993062245872224,14.15680640763463,14.0,12.083338557075015,12.079344498170693,7.407208588957055,11.7,2.2975460122699385
SEL,1,682,2.1079937184899755,2.2630361490330557,1.615391370935494,0.24791364494222223,3.7903923908544166,2.332068546156371,2.275639703927917,14.822143613554905,15.0,12.714151116961542,12.720309613345908,1.2140762463343109,6.0,3.032258064516129
SEL,2,621,1.9781815158360974,2.194426585471111,1.486699552176207,0.20203492103305554,3.6921886320372224,2.1815503538699237,2.196858684346111,14.779451601359813,15.0,12.801270468929978,12.803000501914902,3.8072463768115945,9.0,2.895330112721417
SEL,3,667,1.5021805321764181,1.6143344710041667,1.3469172384818904,0.22580608345033334,2.847909617001,1.7319564070597755,1.7271840300972223,14.225133683158422,14.4,12.722953329464305,12.726453821264583,9.510344827586206,15.0,2.5112443778110944
SEL,4,630,1.4004851487659713,1.4459182751280555,1.550948409382798,-0.5439306192570833,3.3563849126741667,1.7663048537598516,1.4747394312480555,13.97582275132275,14.0,12.575338736343655,12.570293723142358,15.487301587301587,20.0,2.4126984126984126
SEL,5,651,1.4773749919709878,1.491216676616111,1.559241619119832,-0.5060523339677778,3.481679506217222,1.8112130399734045,1.4942781633291666,13.989059566478922,14.0,12.511685128656122,12.509962748521707,20.89093701996928,25.0,2.3870967741935485
SEL,6,630,1.4787292531560243,1.4443671418995834,1.5334366065951046,-0.10731501271194445,3.389448604938056,1.7835876700902606,1.4696539553930554,14.053645502645503,14.0,12.574916501442239,12.574629622314566,25.155555555555555,28.0,2.4873015873015873
SEL,7,651,1.5405508128664156,1.8195710231380555,1.7507775637653125,-0.6791169134127778,3.3587783501941666,1.970670633684995,1.8216230380130554,14.204486687147977,14.5,12.663937342774004,12.668898536485482,27.93394777265745,32.0,2.7342549923195083
SEL,8,651,1.6783988030711798,1.8323025124091665,1.578830256812778,-0.15184193981583333,3.382923868196111,1.983892478221964,1.8547925015030555,14.319773852193206,14.5,12.641375414859818,12.648606570405127,29.25499231950845,33.0,2.855606758832565
SEL,9,630,1.9541262002602224,2.059804014821111,1.555500716586463,0.4868670017251668,3.525650977917222,2.2233170237957176,2.0925389006380555,14.44245634920635,14.5,12.488330337910723,12.48690120352225,25.6215873015873,29.0,2.742857142857143
SEL,10,651,1.9664452060066342,2.144762320199167,1.3489605960230213,0.6447623201991667,3.60938480092,2.1534892505548924,2.1618955257930557,14.299840843147296,14.5,12.333396307659882,12.32699054356373,19.394777265745006,23.0,2.8325652841781874
SEL,11,630,2.0121417228409664,2.167924254249167,1.736899999261795,0.18616900182975007,3.6460782847361113,2.2945352506441505,2.178610997776111,14.340616402116401,14.5,12.3284768208729,12.321389002223652,11.563492063492063,18.0,2.984126984126984
SEL,12,651,2.0752374775559894,2.0826062245872223,1.9050524899140246,-0.034444567518888886,4.055323722683055,2.399824177416524,2.388489037152222,14.575092592592592,14.5,12.499855785555928,12.496044498170694,3.21505376344086,9.0,2.935483870967742
TOR,1,651,2.019601023579337,2.07898037767,2.9995863044864337,-1.8719340912558333,6.620766970855,2.9589005523073886,2.5249494823661114,14.471838624338625,14.5,12.452237783628208,12.458396280012575,-1.6096774193548389,5.0,1.7112135176651306
TOR,2,593,2.209267651854039,2.4587720176791668,2.5341986679897746,-1.0432419205407222,5.404630871954184,2.839853065165537,2.469116681051111,14.748618605958404,15.0,12.539351154859279,12.541087168581567,-0.9416526138279933,6.0,1.6779089376053964
TOR,3,634,1.9073460436945298,2.485652496813055,2.2600056467061203,-0.5098251774597222,3.9837236116798054,2.5548683355761472,2.5330842552856945,15.015043813529617,15.0,13.107698270561245,13.408247559089428,4.871924290220821,13.170000000000003,1.6198738170347002
TOR,4,600,2.094746477356562,2.6568427543430557,2.2911061116166316,-0.7698260353939994,4.683294666906723,2.708692474362588,2.6850688840691666,15.406456018518517,16.0,13.311709871849931,13.308380389809026,11.594,19.8,1.5466666666666666
TOR,5,620,2.2075116092955036,2.7483700565641667,2.139416820686335,-1.2432443746600002,4.7430708092705,2.7015046812073864,2.7506060398680554,15.457285842293908,16.0,13.249774617023057,13.248049415188374,19.16161290322581,27.110000000000003,1.520967741935484
TOR,6,600,2.3151513949121525,2.6764531646091663,1.9990806426540737,-0.32354683539083334,4.67681632747875,2.6838573245838497,2.683696997406111,15.628194444444443,16.0,13.3130430495325,13.312716288981232,24.274666666666665,30.110000000000003,1.4533333333333334
TOR,7,620,2.2839165883343813,2.5844360642991666,1.729087308913758,0.5814843564711112,4.581484356471111,2.520863270744246,2.584964347591111,15.685959677419355,16.0,13.402043473109552,13.40698520315215,27.22016129032258,31.51,1.4370967741935483
TOR,8,619,2.0942819020360464,2.35137038425,1.5773873857625416,0.2530477306648898,3.6691066377261112,2.2965911845500666,2.5829044814680557,15.473774905761982,15.75,13.379493003726044,13.386693237071794,26.075121163166397,30.2,1.4119547657512117
TOR,9,600,1.8054920044317007,1.827806999848611,1.7071296584584987,-0.20679677087099999,3.756857787674917,2.13046289049193,1.9579286376645832,15.031837037037036,15.0,13.226345297155811,13.224987870188917,22.1115,28.0,1.4733333333333334
TOR,10,620,1.7460548520644803,1.936596930688611,2.091748741678238,-1.0370644182988888,3.9241966810247226,2.2719782582629597,1.9588270062491668,14.812660842293905,15.0,13.066606438258239,13.065077210230394,14.767903225806451,22.0,1.3887096774193548
TOR,11,600,1.8098990116882847,1.9336082356850002,2.343353099671509,-1.0537041158542777,3.9640705205553615,2.366672877224395,1.9579045422830557,13.964833333333333,14.0,12.154934321645193,12.066391764315082,7.595333333333333,15.0,1.4216666666666666
TOR,12,621,2.226594711015139,1.8378733377841667,3.0968980421736143,-1.349597629515,7.369776282912222,3.0416128955940933,2.3574255543000002,14.46480363213455,14.0,12.238209240624638,12.23413116483736,1.6146537842190016,7.7,1.5958132045088567
WLG,1,682,1.4176028705890145,1.484714358250139,2.0956663932060873,-1.0365247805156943,4.153965432224971,2.058960688027147,1.562936708275,14.907465379602478,15.0,13.489864450294876,13.496022946679242,20.651026392961878,24.0,2.772727272727273
WLG,2,620,1.2018483531919302,1.4164725193511112,1.8999435434580354,-0.5838450067888888,3.4212861647522224,1.7814658156129257,1.4244052781672223,14.778828853046596,15.0,13.57698101188753,13.578713835248235,20.901612903225807,24.0,2.782258064516129
WLG,3,666,1.2442295360871576,1.4626642773391667,1.7680060907525363,-0.9029555749430556,3.4480258301461113,1.7815489359786358,1.5259549139505557,14.684331414748081,15.0,13.440102848245386,13.502167154597915,19.294444444444444,23.0,2.834834834834835
WLG,4,630,1.1398310243014809,1.1808693743545833,1.6893977555804063,-0.8123669672369445,2.699026097914167,1.6209119397634122,1.5671083691877778,13.584532627865961,13.5,12.444702863327782,12.346007056475692,17.27936507936508,20.0,3.2984126984126982
WLG,5,651,1.4623782717737672,1.2182343326980556,1.7056321727429156,-0.28637575639083335,3.216847677208056,1.749976178803833,1.4590923918330554,13.749772998805255,13.5,12.287398461989454,12.285676081855039,15.225806451612904,18.0,3.6313364055299537
WLG,6,630,1.3301394796846442,1.2790179066104166,2.015842965524178,-1.3043259080569443,3.6574198777016673,1.891193173930758,1.6242280404641667,13.680764109347443,13.6,12.350629834775573,12.350342955647898,13.145079365079365,16.0,3.657142857142857
WLG,7,651,1.4033056592455782,1.543952385221111,1.8471381454753777,-0.4531906023677778,3.5519453303011113,1.821174061513443,1.5478659642172223,13.842954002389485,14.0,12.439650676107334,12.444611869818818,12.4715821812596,15.0,3.517665130568356
WLG,8,651,1.249743387072281,1.3713962380200002,1.688355514254559,-0.4547221851988889,3.12139623802,1.6891364659225507,1.5664744674280557,13.666829237071171,13.75,12.417088748193148,12.42431990373846,12.980030721966205,15.0,3.3686635944700463
WLG,9,630,1.453315693377232,1.597534171005,1.802450824145044,-0.7456786556818332,3.7123874703391664,1.9026800885658741,1.7095875013655557,13.831643298059966,14.0,12.37832938552977,12.287612529660711,14.168253968253968,17.0,3.246031746031746
WLG,10,651,1.2477350291004237,1.40064440494,2.010548271620322,-1.0854774923858332,3.490060411436111,1.918388529093792,1.8281516405430553,14.355306792968085,14.5,13.107573542682923,13.102703876897062,15.5284178187404,18.0,3.064516129032258
WLG,11,630,1.460232301644783,1.426651562422222,1.9524787829578072,-1.0892090450036944,3.866393590084973,2.000912860854001,1.8751208145722222,14.564421075837743,14.5,13.104190154206233,13.097102335556988,17.44126984126984,20.0,2.9
WLG,12,645,1.4162467248691994,1.620344576405,2.076557284537888,-1.1947417158024445,3.8015277005537222,2.028629470157615,1.7432868416122222,14.69174332472007,15.0,13.275497740828802,13.271757831504026,19.373643410852715,23.0,2.9193798449612403
